jAKXhyUL,Vau3KXA4,oeL4D3qX,VeVPB4KD,WKyrWjPn,xDamtqUx,6HyqWxKg
3PcLubJN,T7TZeQ98,E8DkPFu8,qwWu38hU,ZxejravL,JhtmAjyh,RVnUPs2P
tWtM6tA5
kouuGw5L
36va5Bj3
M92a3fqW
H6nNgjsi
As2Crd6H
k6fSHvW3
acSiHSrc
yumqNL8W
ZGMdMhhx
W2ts2qGX
oA9Q9Z6B
5t4angAv
eXPTArZM
qyUHdvRw
WavVQtPi
bAa5gGFF
6wwJob2G
VwrEfMSF
Sa5aKLkv
wBsJMJJs
Pg8wnQHz
pqYiUEXy
42BVruho
fC2HbFn5
A4CattWX
D2QiSykv
ryvSDFTj
MGkJiHTi
6BUkeCu6
LPUhdFyg
7oBRvNzP
ZMNsox4j
g6HAEagj
zaTZXKoM
Q8iWN9XT
Vk4wjy3R
UbDCetAD
YLghCTG2
FxFPHr4y
wzEdgAPd
e6Zd7qwr
zP2Te5iy
J6f3jV97
cE3fGcMS
yxxEV9Ed
dXqFPgkt
9frkwDny
BenNACW9
uwCMohVv
r793AAwp
ZyVk296z
mtYzb4DH
TF2iGiQF
msLuLWtJ
F7L7LSQ8
KCkr7Kvj
83rXKPAA
W3gGsAeE
s7ppR9EX
YuAqHu5k
3oez9V2A
gMisFM63
fnWoY4T8
MT3EsihK
iMQAeRGS
YY9d7GBQ
DRWkkdK8
GoMiM2Lf
3MVj3zBv
eTaWcgQZ
7EsTg4tP
9iVfWZ6D
fCS7iJTy
asQHVQ3R
tnvAVvWb
58ESovoR
QkHVMgK4
jT4jFAdf
v9j2osBc
TSm4q3DC
PayEakct
RiuhsneQ
V7uC8aRo
katNreSS
hSoCke9c
AcmbZ2PD
XMUBUgcg
ECzby6tb
ka2V5N6p
Knh8MtFK
ynYghfap
wftMfQXi
dupYaX6U
upvXKbhW
kHHhFW5j
SjgNC3xW
QqHoRFFm
CfWuzFss
FzeHLwZ9
rhzWnoPj
xoF9cWAJ
tbpWSKCF
SJ4XH3fv
Ush32fUj
FFpJDXtZ
KCbfZVPK
cmR9vwfK
SF3F48rN
xh6xtPNo
eVx8H3tE
nbvgXmyA
azE5eeiV
LZBdT9Cx
WEgPmjAH
uijM2b7B
4ZLbhzjy
xcZ63bGm
8uqdSUQD
TAn76SES
dyvtmp28
94Cmkcsa
VeU2y2q6
GMjYs9xS
rMFSwTM7
YNdbEFkC
wCs2K3aq
GBbuHHHi
UGbX8BWs
qpSJZCo4
xnEQuPmL
cq9qnESS
R5rbE8fr
g8JtjerY
ZXEEih5M
gpuSrxAJ
B8fCPC3A
vdmn8bRA
GrF2HGUh
sNDo9LGW
3N8P7ffU
RwAna5XF
Wu46UAst
ZYjZEmn3
d3kN2NRg
tV3X59S3
QMbiCU8u
SgesYbfV
rNcUadyV
Ftvogh5J
bqHY4CKg
qViESnKz
vcsEKbjg
ftMRoSvi
DzTgZaA4
pNrGTpQL
dQZ63u62
mmaNndXt
D9EGEi3j
TamVC5Mo
KzhYrZPm
wLZtfzuh
PKXVG5LF
tv2qG8g4
AK45kVLF
bvWdmVcj
t5m8zbxW
gfMw3F9i
NMLbAtMj
BEuUZcdn
BgXs9nuo
6Nx6yf68
sZWGa2Hc
pGpuufuL
NGxqzWvK
35ykxfAz
V5ZG3C9w
pGu6FBQX
nfjqwabu
2iUVzbLV
7HMXsNy2
VvHmSZZJ
YjVLUGh3
F4654Esb
72HcXbik
BeTJD6pC
aKP59ze6
Ern9Wvxy
cWvS74yC
H5LXn8rk
dDiyY72M
vakDL2GN
bnJnvjqa
3Vtw9sB3
MyNtKkwh
qxuApLba
dPvzhykx
TBVvYHAT
5HCyFFov
KCZHsSum
zkqwCXEm
6JARFkxR
bm9ArFpj
VuhuUmzn
gAbQHQyp
Ltd6WaL8
BwHiQ9dM
wrsmw78g
fg3ZFVNE
YTDCLCgs
vQ9q37nv
nDvNTon3
d6B5meJ4
byQHbsV4
fRmNy5aV
kDCSzRG8
ZooeLiTq
XXpooZeB
SA2Q2JU3
9ex6g3dU
vBJWuFar
q6ivgAfn
Qj37HBPP
xScUTzpZ
cQptA5xm
voUz4jB6
9Uc3r7j7
uFzLAyJJ
EDzofBZ9
dQtknShs
Ea9GxMQC
VNCTdvTY
zhVsgcPB
nQ7HQa2j
YXLamkhN
zGuXeLdU
iPUmquCP
Sc75ymWn
fPs9vjTq
aE4edP82
6kYfwikw
fQFsQr7C
PMcXLJmA
tZJyxj9M
KJobLjyG
kDA4gp4f
kphFHdHw
ytYCaWW2
j7fKzDC8
WeDNPGRx
EzihvwFU
F4LF8hHh
TSuekUwu
ie5ynpkW
r6mASQUp
HvHHrGfF
EESFi6hE
XGXw2S5g
3VkGaUjH
g3T3er6d
RetHzkBf
o2WeZUYe
2z9Gw3Tm
2BWXSkWm
rp7ycMSh
cbhZdkLp
JjxdM3PQ
NEWhqf9g
ezUwzt3P
Zw8QET3x
RXUJgDYM
AZ8NKYAU
Cx6cdkGb
DhYdQr7s
qmwxzfBQ
F435pYsi
65kSW86P
4unifid5
VwrqgYcP
iddpoY7A
VUtuhY5U
2HSsUBb2
Ce2rcCrc
GyaKD7iZ
f9wiC5Vb
t2j3HbUK
Qy53fSjp
zS9zUiUS
iJVmsM8B
sZdFVnCC
eYP79mKw
UZZxzDGR
y5TyrJJm
vUWTd5Z4
4HCrVecp
gGe8UwpG
JoDRA2hG
cttcDYAn
BR6NG8pw
tYQxyLCY
3pGSPQ2R
ykge5hwF
FrPrxELa
ATP4P9Wh
KoFp88oE
tBZVaRB4
jEqbrfp7
7bFfmvGR
pYw75tA5
QShL4Kr8
Y5BDPvUj
5bWCGa5J
cpNLhsq7
kZXvoNkb
GN79Kyj6
jtLaGpNf
BeVZVGJq
UH3u5pgt
f9ncHV8q
vWX5i5Gd
hQh6wUwU
BcXdNPqX
NA5G2QS4
UXUk2VJV
G8urkVLM
Aig9varQ
LNpjkLHc
8qdnXWic
KBggpNVD
96i3Xpqh
KTxNfgfh
xruEfnDH
bnWyd6pL
5EKdUC67
GXsDRGE4
YwNFfG4a
LLRSbxRF
xiFUp2sa
3hCKM57j
HehEGEsT
m7BcU92Y
aSV96Got
o9Y93oEh
YPdSw9yD
bcTSqEps
JxoEGmTK
JKqHhcAz
7dCapckZ
9nVJbZSn
CJJfWTqf
xxiYHGUi
FkwJGWgv
jGnDw6Cg
gsapBfWF
LcPWF9bJ
u2d2mTUA
xHCJipUk
s4C4YXU3
k9LPtKb3
qzHThJMA
5ji2a5dh
QMB9cnA3
S42HjceC
LDZnkBf4
HMX687eT
4ziAz2nM
5tpmnPVU
KQnDHJMR
Px5hNFWC
PHAp2bDE
msPLxRew
B8ZNjMzS
kdQw5WBr
TGAq4oTm
xdFuQNVS
GQtVSf9Q
4868CZfS
Hqwh9tEB
TTJrEpMG
croboZcd
p8FBnGvj
tsknkPJX
ao54McNb
qWH7gCwd
GuS6mhRN
b4gCjkz6
RJCH9PK7
zEzcymVS
QzJhU2H8
wTRB74P9
nTCcB5ru
R6rBNqcn
qSupk8Zn
jQw9cGdU
BGwCv2EX
gGrPfmUi
rdBQQfwt
XmKa9DSx
ZGiV6KGQ
tWpP7ucG
hw3Uf8VH
aBbBVubz
nJ3av4sV
P7Rkxxyp
9Bvc8Jc5
k4Rt7nQV
5Qtsg9Jh
xLcV4HQj
KAHRuAsq
ToSU6ULr
8LowZVqA
twnfuQNX
R7Y7GeZb
ShLXuAYk
2cmNAtJp
3zNYasDs
eEGHEEVS
ktQN9vcF
THgLR6Nk
BeUMCC5p
9H82Jvei
9JeZB5Gw
FUZ77Agd
x5xnVzvb
nnPZG3AQ
g4n22NUN
TVVSTzox
9jDv2hfX
LpRjz5ag
5ZqDpR7d
HmRhzXWP
TCG2tg8X
Nbek53T9
ukbkMVha
BCfHsqY4
aqfKkUAL
s7rRQmhc
JYJ8mJSH
qH6eJyuA
rKtQJMhd
HrfFPDtt
NYyfAzrD
ngCCFtbk
guY4bqQH
Bax4xpFb
25cAfaWC
WoEKWkvZ
YE3G439s
tTuinHFX
4kWGwTGy
B2cicS7J
kEYsgJgt
iCFufSCJ
536UTqH9
sAyN6r2M
ia9mMH6a
2F4fUMMd
tRdefAYT
6bCogFsz
ce9jBEKH
Lo2gX5vZ
CWL43tHw
Ai6RWCNJ
pdpdQncM
oejejR2w
tANrRQEP
AjLan3Ww
MwESF84A
agTDAMym
28naT6te
sKNs4USi
cRqmJWf2
SJ6fyXJK
gDCPmXNH
sqnxQx97
Pbbs5ctm
hVtLW42W
e9aqyyj4
nC28Bk7U
vtnaswi7
ULEobz8m
g2MR2dg6
8ZD5Zc4v
tiiFucKe
2FCGy7Tx
uscUGTdb
HvvtN775
UBAPHcfu
mKdo942Z
CYb7ouun
gzdwTTiF
gki3csuq
vDQNGPnz
5D2NJura
iVfLxVUe
TYCipH45
fiB8RRj6
nmWVbChq
qQbFhjqj
5VNnTWcv
j5YDTu5y
fzxMsyA8
jtkvktJ8
yqZrAPzE
XPCjTAGk
7YvfiK4m
29c82HEt
VrcTzRCR
SQs88HCj
Mv5G9MJH
VqwbRpNV
efuUcXkW
hhbNmwtT
5kJCRfY8
fWBDczRT
A34TKEKb
uFxTJPvX
bYLS7z9i
GQBjrkgD
tUcx9Tjh
iJTQWb8P
U3ggVyUv
bFcKLHCC
RssgVHLf
sf9sZZZH
xHWCdAvE
Kbq4fbwv
hjLAtPvb
xY3qhbCK
JqknXVnR
DeHtBcpz
r4seeGPT
NxTZfxrS
JUm5eHkN
tjjkjtMt
2PbWKcdL
ePnTAAZs
ucK8treX
LtJFCJns
ZvQANWiK
pCKiV62q
KXkPJKom
SARQ68Vk
ZruqpTqA
vFUnmeDL
xbj8nkZq
srVxCJAF
kJU9BXtN
8HQLRwN5
TZxeBhvr
FCT7P3AT
tEoSuhoH
ToFJodvu
anCrwLm3
xVyfzedS
MGkdUfBW
9raNYp4g
wR2hAU7h
eEzjdXiT
kC5eCvHZ
XxeXR9Da
fLJyYJSH
jv5jHDWs
PhKrBdBH
YEsjqZFP
kAEXLVLi
D3hKNRtA
FTtYQ9JX
ggZiWM6H
z7JxdHvH
nXYNfF68
QzJBrZaR
qufKXhQk
YnaArVrU
nGCTnsrE
VRtP8H4w
cuxF9BiK
THogoN8z
JE6UfPKz
a3YnGHxo
qELsJ3TB
pLLBJq44
UrMVBkv9
dgE7PQyh
tL5mWYKi
KNKhMvkn
g2tAjayQ
n7gdcmrn
hMmYV6eU
qoPxtFao
rAiFZwZS
evEf98Td
GLdPAWRj
3xp9E2Nd
VTfSgTeC
fJkeofSF
aKtoYySq
SXFtJA3t
i3EVZdQH
V2je4rxR
r9CiKdBY
m2FaU7T7
yi7JECqB
xLbiBkAL
sy2ynoE4
Yt96N9Ha
iUxTcmB2
UmY4Z33R
Sj82suzj
8HdHmbMj
ERrFUH6o
YMdkdtde
ACP6vCK8
gBD3ohVQ
6cRyb3rU
cX4d9jq5
pRrQPt4n
HNLCUTzx
yC6wPyWb
t6xtfyox
kn7V7PM8
XuwouFgy
aiEwjG6m
2yFW4RoB
Mp4Mkoii
Aufn8h6G
U8Ub36EK
y67ZNwvB
3snimCu4
X8jPATTT
deUt4wy4
rrcR79yB
JzyWD2QA
Ho2VrxEQ
8x8NbdMX
4cttFJms
Csf2etBJ
JT6edYnF
KGd9FScx
KbhcLQ3X
HysNFekx
g474Krbd
AYoetk8j
p8R7FnNr
RsPtGqS4
FoTTFgrr
qpqT2Swh
rDhWuBxE
ZkwfYeu8
jhfL9jFZ
AVArggYc
mJ7p3nNB
cw7GKpzv
hHBr7imm
FWtttUWn
D5dGwmfN
XHYBuWS6
me3zJgiB
KWdUooed
rJ82pkLt
Lh8Q6HkW
8gMETN2o
pqSrj5Kb
tzEMS3gP
qdNrkVJK
BaE6CXZk
ztJ9yFiE
qyPHQaQp
zducmUwP
hVnrUxFS
frkhZE28
kbvB9pYv
mWBEXHxR
AchfGWRC
JzHBYLme
V4Tki5a4
QQMhcpis
jMNogECY
fJgGuB7J
ZjjjKWyN
Vxgprayq
3rEVtSgq
6P5YW79f
jJx7FNJ5
iTE3BWTB
XAJee3oq
hvCdiNYx
zYbYJNdK
pMXUiNGi
sJm9j3yf
e3MXi88b
VDFsynJM
dNHME2ph
bfup6MMD
g6LS8p5t
iuRfJAyq
MfGMXVec
UxyBWtxJ
gFEJQopK
K7yyTy3A
SNNyKaED
CSHPzFzE
WGmvDXCN
Ke4mUsZK
yJGBipEY
ARe5rLne
oZTXa6Wj
hbnwsZXT
UntLLhP2
ixGT3ZRW
F7rK4eug
fdYjN4HS
xDsP9p2Z
7RdcLGk7
YXT8RFFy
i3zAFpfC
w2VZVLSn
jYaMMYas
uwMyNxbJ
PJNPXnKf
sAczbDLN
gf8o24vi
3rYzhN27
u6yMjzcf
qvkdWi2E
zsDKA9vj
rgnrYeV2
HtAtFcFr
h8RCYQAR
yBDS5Fqx
S5ab4qAy
bbe5ZdnX
VLybNJyW
DDR3zm4Q
LVBgfRKt
gAJkpSgX
mKPtjpwM
Ji4ht6Nk
hKPKgWcS
DUQmSKrR
D7XTwi84
vfCFfBNE
HoQNs4gT
sU5gAMX9
TkbkMzU9
GNDj5Yn2
ye2y6Cgn
QbbgF3FW
AV2UbNkm
F5KHfwwi
qfrSdyKf
XskdTV9U
rkw9iGVy
HSC5iqjP
aJHCXUsX
n7usrbSg
tJ7zVugJ
hu2JdJv4
q2coqLju
KgJV46ox
XTKUBoMk
3TAWPBV3
ge8JUjFw
47JfA2uU
3DC3NCve
kHxkywSx
78QqvnMv
xoUn8Z4Q
tigcy5i5
miJEYJyD
ycovvCRX
VV6n6WJz
vBVE2p4d
tdpiJJHn
x2hWSdYU
nCnypD2R
ue5QWUYM
yrMbqLVS
BiHyfAUE
uA4uXW27
JRzgz8nP
rJRvZ7a7
EUyHtMCU
TVGMgYhn
htCwAbrA
disbJxkc
8PM7M4bG
jukC7G2i
xPjA87av
iDPTxC9v
VGC63t3v
n79kJ4yh
9dRSHgdX
S8ksfCYa
HPympZBJ
JdsUmmpk
wERjNMcw
587t7hbT
JBfWJccQ
GwLvNayh
64BvJtQh
jAsfbtE8
qhexWFgZ
nEZSwhuT
inaUKqYa
quNJ55rc
PZDWRNPK
LdWqU5X6
HsCWrshQ
MFTsFCfn
i2PWyAvC
62afGmYy
kFssfbVN
ZVyrN5VQ
EEr6rPyg
hbYTWce3
zaJAzWCv
YgeWqEPU
F4BpuBpn
c8qN9a5m
wEnywbXc
p9tTbJTq
duy4AsaR
RdnYd296
V7arB7UH
XaKJXn6M
QK2HxjhK
DBWwHH8z
wDnjvbJV
8q79CKyZ
MaLJLwk5
GyLr2A3B
vnaVAyaQ
PGgidFV5
3Qjd5TGw
iyJM6QSA
DCA5D4Ni
xYRXMvjJ
8mZXFJcw
qoi6BqWd
KykX22L7
M3hpvi29
Grm4XevL
AJhudsdE
LNG3Mot8
YY5VBHHg
w5ePB8Me
YJEDhdDv
SzsZXBNA
VVYEcH4n
z6GV45xR
QpD2a5RV
Lhxxeopo
pz64jYBD
5CjgPxS6
KWwxLEUn
Up6K7VyR
UB48W9yA
qUHhz2Dc
CDtkUTzy
umLddSw2
QkuWNcrc
Rgytk7gk
QZPsuR3v
q4tjeks9
MkKQZo3m
ZS6SPhbu
6cRgssD5
HkSazbTm
LLTZXwXa
M9MLeFQh
CtBFxe4i
BWqUABbe
teUr4kNg
2myRMHDG
VBJEUjka
qU6AYZjH
PhD42rR2
EuZzGwjQ
6M66GMHp
x4ticwBG
JepZMgup
myibBWor
VopcSWBX
KQpSSwVH
HYZQ2BJL
hrQu7WmH
xqpPrcgD
biipc7Yu
LsmHQze7
FuEFG27J
4uPXTBDS
KuVsogaJ
VcK3mZGA
4tvWUEFD
yXaGuAck
aKZ3imMu
nzdeduNE
u4YwDLKe
Nv3qNAm9
SP8i8Mfx
KWQSH3Hb
guwv9dwP
regEduZ6
Mq9AtZMi
4xMvN2un
dehx8FTW
mzszDWtv
roQMfthn
UW6nDCwK
59xMVPy5
zrZtXpa4
jLj2oDUU
mU4NhnEN
rZN4ZtMm
Xk34qSW5
zavU3Va6
cfv3CGb6
VuWnLzce
RwadcFAK
vWKrCSHh
4Fyd2fHi
wTmgVgyG
Wk4XiCsg
U2gtZqMu
azzjkxgY
UFYFZ8Ht
HUPPkzVb
paoWudrJ
ZeYaRA85
kXb9vWfJ
gaRvQrcp
48heyMoe
DSH4Vpc8
9oZV3LKw
w7hQ9gHk
36sEuFWM
NZPeuUyJ
kBxYrMLc
phFhCvuZ
w7RZgbbr
AFe4v39s
DFmovopW
yNLycYS5
oEPkZRrj
dquWtSGY
Wevr5HB9
vBbtmsaq
pZAvQYZt
HFhkYe3h
FvSqHPbi
ayXXgwA7
ioVXgy59
pDGLuWFu
5r5okrLT
UoeorAx7
JdAnxYJa
yv2kWn3o
n87gVytK
D4JfXrbB
7fsCqp88
4RBgs9mv
7QTViLuj
jv6vycd9
2Bx9jxhy
BT4ZK2WY
qhfbieZS
zopTuTRm
Hu2hPiVB
PqDQU52t
hKqfEZXf
MNUKuQH7
AgsHPwt7
Ypxg2hMS
SyHoC3zE
bPHkdPjH
xFFSMFy5
JXeQAauQ
CdBYD2LR
49dZLZZL
pizAfzkp
ebDvCozG
hyGKvgWV
oEotcfpG
qdA6AWZc
avFzohwu
